<application>
  <component name="FileTypeManager" version="17">
    <ignoreFiles list="*.classpath;*.gitignore;*.hprof;*.idea;*.iml;*.project;*.pyc;*.pyo;*.rbc;*.settings;*.sh;*.yarb;*~;.DS_Store;.externalToolBuilders;.git;.hg;.svn;CVS;__pycache__;_svn;logs;vssver.scc;vssver2.scc;" />
    <extensionMap>
      <mapping pattern="*.js.flow" type="Flow" />
      <mapping pattern="*.js.flow" type="Flow" />
      <mapping ext="gradle.kts" type="Kotlin" />
      <mapping pattern="serverAcConfig.js" type="PLAIN_TEXT" />
      <mapping ext="tmp" type="PLAIN_TEXT" />
      <mapping ext="lic" type="PLAIN_TEXT" />
      <mapping ext="eot" type="PLAIN_TEXT" />
    </extensionMap>
  </component>
</application>