<keymap version="1" name="Default for Windows copy" parent="$default">
  <action id="ChangesView.Diff" />
  <action id="CodeCompletion">
    <keyboard-shortcut first-keystroke="ctrl space" />
    <keyboard-shortcut first-keystroke="alt slash" />
  </action>
  <action id="CompareTwoFiles" />
  <action id="Console.TableResult.CloneRow">
    <keyboard-shortcut first-keystroke="ctrl y" />
  </action>
  <action id="Console.TableResult.DeleteRows" />
  <action id="DatabaseView.CopyAction">
    <keyboard-shortcut first-keystroke="ctrl y" />
  </action>
  <action id="Diff.ShowDiff" />
  <action id="DuplicatesForm.SendToRight" />
  <action id="EditorDeleteLine">
    <keyboard-shortcut first-keystroke="ctrl d" />
  </action>
  <action id="EditorDuplicate">
    <keyboard-shortcut first-keystroke="ctrl y" />
  </action>
  <action id="FileChooser.GotoDesktop" />
  <action id="FileChooser.GotoProject" />
  <action id="GotoBookmark2" />
  <action id="HippieCompletion" />
  <action id="IntroduceVariable">
    <keyboard-shortcut first-keystroke="ctrl alt v" />
    <keyboard-shortcut first-keystroke="ctrl 2" />
  </action>
  <action id="RunDashboard.CopyConfiguration">
    <keyboard-shortcut first-keystroke="ctrl y" />
  </action>
  <action id="SearchEverywhere">
    <keyboard-shortcut first-keystroke="shift ctrl s" />
  </action>
  <action id="SendEOF" />
  <action id="openAssertEqualsDiff" />
</keymap>